insert into SinhVien (MSSV,HoTen,MaLop,Khoa,SDT,Email,pass,tongsotien)
 values	('20184027',N'Đỗ Duy Anh','4','63','0399104633','duyanh@gmail.com','$2y$10$3mobYQTa6uKqnZawgPiX9u3jJugvGr6bT/6jvSaSJtPj44UzDVHjK','0'),
		('20184032',N'Lưu Đức Anh','4','63','03457575','ducanh@gamil.com','$2y$10$3mobYQTa6uKqnZawgPiX9u3jJugvGr6bT/6jvSaSJtPj44UzDVHjK','0'),
		('20184038',N'Phạm Huy Kỳ Anh','4','63','034393574','kyanh@gmail.com','$2y$10$3mobYQTa6uKqnZawgPiX9u3jJugvGr6bT/6jvSaSJtPj44UzDVHjK','0'),
		('20180024',N'Vương	Hoàng Anh','4','63','0234735847','hoanganh@gmail.com','$2y$10$3mobYQTa6uKqnZawgPiX9u3jJugvGr6bT/6jvSaSJtPj44UzDVHjK','0'),
		('20184047',N'Nguyễn Đức Bình','4','63','023444035','ducbinh@gmail.com','$2y$10$3mobYQTa6uKqnZawgPiX9u3jJugvGr6bT/6jvSaSJtPj44UzDVHjK','0'),
		('20184052',N'Vũ Minh Công','4','63','03253448','minhcong@gmail.con','$2y$10$3mobYQTa6uKqnZawgPiX9u3jJugvGr6bT/6jvSaSJtPj44UzDVHjK','0'),
		('20184081',N'Nguyễn Tiến Dũng','4','63','038435454','tiendung@gmail.com','$2y$10$3mobYQTa6uKqnZawgPiX9u3jJugvGr6bT/6jvSaSJtPj44UzDVHjK','0'),
		('20184085',N'Đinh Thị Duyên','4','63','03404583','thiduyen@gmail.com','$2y$10$3mobYQTa6uKqnZawgPiX9u3jJugvGr6bT/6jvSaSJtPj44UzDVHjK','0'),
		('20184056',N'Nguyễn Văn Đại','4','63','045450439','vandai@gmail.com','$2y$10$3mobYQTa6uKqnZawgPiX9u3jJugvGr6bT/6jvSaSJtPj44UzDVHjK','0'),
		('20184061',N'Lưu Thành Đạt','4','63','043845439','thanhdat@gmail.com','$2y$10$3mobYQTa6uKqnZawgPiX9u3jJugvGr6bT/6jvSaSJtPj44UzDVHjK','0'),
		('20184066',N'Trương Tiến Đạt','4','63','034850439','tiendat@gmail.com','$2y$10$3mobYQTa6uKqnZawgPiX9u3jJugvGr6bT/6jvSaSJtPj44UzDVHjK','0'),
		('20184071',N'Bùi Minh Đức','4','63','035840439','minhduc@gmail.com','$2y$10$3mobYQTa6uKqnZawgPiX9u3jJugvGr6bT/6jvSaSJtPj44UzDVHjK','0'),
		('20184076',N'Trần Thăng Đức','4','63','0358750439','thangduc@gmail.com','$2y$10$3mobYQTa6uKqnZawgPiX9u3jJugvGr6bT/6jvSaSJtPj44UzDVHjK','0'),
		('20184090',N'Trần Hoàng Long Hải','4','63','038750839','longhai@gmail.com','$2y$10$3mobYQTa6uKqnZawgPiX9u3jJugvGr6bT/6jvSaSJtPj44UzDVHjK','0'),
		('20184095',N'Trần Thị Thu Hiền','4','63','035840839','thuhien@gmail.com','$2y$10$3mobYQTa6uKqnZawgPiX9u3jJugvGr6bT/6jvSaSJtPj44UzDVHjK','0'),
		('20184100',N'Nguyễn Minh Hiếu','4','63','03340839','minhhieu@gmail.com','$2y$10$3mobYQTa6uKqnZawgPiX9u3jJugvGr6bT/6jvSaSJtPj44UzDVHjK','0'),
		('20184105',N'Trần Công Hoan','4','63','033560839','conghoan@gmail.com','$2y$10$3mobYQTa6uKqnZawgPiX9u3jJugvGr6bT/6jvSaSJtPj44UzDVHjK','0'),
		('20184110',N'Nguyễn Việt Hoàng','4','63','0334456639','viethoang@gmail.com','$2y$10$3mobYQTa6uKqnZawgPiX9u3jJugvGr6bT/6jvSaSJtPj44UzDVHjK','0'),
		('20184115',N'Nguyễn Văn Hùng','4','63','0345456639','vanhung@gmail.com','$2y$10$3mobYQTa6uKqnZawgPiX9u3jJugvGr6bT/6jvSaSJtPj44UzDVHjK','0'),
		('20184121',N'Tạ Đăng Huy','4','63','0345789639','danghuy@gmail.com','$2y$10$3mobYQTa6uKqnZawgPiX9u3jJugvGr6bT/6jvSaSJtPj44UzDVHjK','0'),
		('20184126',N'Bùi Văn Khương','4','63','0321345339','vankhuong@gmail.com','$2y$10$3mobYQTa6uKqnZawgPiX9u3jJugvGr6bT/6jvSaSJtPj44UzDVHjK','0'),
		('20184132',N'Mai Văn Linh','4','63','0321355339','vanlinh@gmail.com','$2y$10$3mobYQTa6uKqnZawgPiX9u3jJugvGr6bT/6jvSaSJtPj44UzDVHjK','0'),
		('20184137',N'Lê Ngọc Long','4','63','032125339','ngoclong@gmail.com','$2y$10$3mobYQTa6uKqnZawgPiX9u3jJugvGr6bT/6jvSaSJtPj44UzDVHjK','0'),
		('20184142',N'Trần Quang Long','4','63','034525339','quanglong@gmail.com','$2y$10$3mobYQTa6uKqnZawgPiX9u3jJugvGr6bT/6jvSaSJtPj44UzDVHjK','0'),
		('20184147',N'Nguyễn Bá Luận','4','63','0344735339','baluan@gmail.com','$2y$10$3mobYQTa6uKqnZawgPiX9u3jJugvGr6bT/6jvSaSJtPj44UzDVHjK','0'),
		('20184152',N'Nguyễn Gia Minh','4','63','0378955339','giaminh@gmail.com','$2y$10$3mobYQTa6uKqnZawgPiX9u3jJugvGr6bT/6jvSaSJtPj44UzDVHjK','0'),
		('20184157',N'Đoàn Xuân Nam','4','63','0375657339','xuannam@gmail.com','$2y$10$3mobYQTa6uKqnZawgPiX9u3jJugvGr6bT/6jvSaSJtPj44UzDVHjK','0'),
		('20184162',N'Võ Hoàng Nam','4','63','0372657339','hoangnam@gmail.com','$2y$10$3mobYQTa6uKqnZawgPiX9u3jJugvGr6bT/6jvSaSJtPj44UzDVHjK','0'),
		('20184167',N'Hoàng Trọng Nghiên','4','63','0372237339','trongnghien@gmail.com','$2y$10$3mobYQTa6uKqnZawgPiX9u3jJugvGr6bT/6jvSaSJtPj44UzDVHjK','0'),
		('20184172',N'Mai Thế Phong','4','63','0372237338','thephong@gmail.com','$2y$10$3mobYQTa6uKqnZawgPiX9u3jJugvGr6bT/6jvSaSJtPj44UzDVHjK','0'),
		('20184178',N'Trần Đức Quân','4','63','0373437338','ducquan@gmail.com','$2y$10$3mobYQTa6uKqnZawgPiX9u3jJugvGr6bT/6jvSaSJtPj44UzDVHjK','0'),
		('20184183',N'Nguyễn Văn Quyến','4','63','0373137338','vanquyen@gmail.com','$2y$10$3mobYQTa6uKqnZawgPiX9u3jJugvGr6bT/6jvSaSJtPj44UzDVHjK','0'),
		('20184203',N'Nguyễn Khánh Toàn','4','63','0265437338','khanhtoan@gmail.com','$2y$10$3mobYQTa6uKqnZawgPiX9u3jJugvGr6bT/6jvSaSJtPj44UzDVHjK','0'),
		('20184218',N'Đoàn Anh Tuấn','4','63','0265337338','anhtuan@gmail.com','$2y$10$3mobYQTa6uKqnZawgPiX9u3jJugvGr6bT/6jvSaSJtPj44UzDVHjK','0')


insert into  quylop
values	('1',N'Việt Nhật 01','7530000'),
		('2',N'Việt Nhật 02','2304000'),
		('3',N'Việt Nhật 03','9870000'),
		('4',N'Việt Nhật 04','10200000'),
		('5',N'Việt Nhật 05','4300000')

insert into SuKien(MaSk,TenSK,Ngay,GhiChu)
values	('02',N'Nhà Giáo Việt Nam','2019-11-20',N'Nhà Giáo'),
		('01',N'Quốc tế phụ nữ','2019-03-08',N'không có gì'),
		('04',N'Nhà Giáo Việt Nam','2020-11-20',N'Nhà Giáo'),
		('03',N'Quốc tế phụ nữ','2020-03-08',N'không có gì')

insert into dong
values
		('20184027','4','0'),
		('20184032','4','0'),
		('20184038','4','0'),
		('20180024','4','0'),
		('20184047','4','0'),
		('20184052','4','0'),
		('20184081','4','0'),
		('20184085','4','0'),
		('20184056','4','0'),
		('20184061','4','0'),
		('20184066','4','0'),
		('20184071','4','0'),
		('20184076','4','0'),
		('20184090','4','0'),
		('20184095','4','0'),
		('20184100','4','0'),
		('20184105','4','0'),
		('20184110','4','0'),
		('20184115','4','0'),
		('20184121','4','0'),
		('20184126','4','0'),
		('20184132','4','0'),
		('20184137','4','0'),
		('20184142','4','0'),
		('20184147','4','0'),
		('20184152','4','0'),
		('20184157','4','0'),
		('20184162','4','0'),
		('20184167','4','0'),
		('20184172','4','0'),
		('20184178','4','0'),
		('20184183','4','0'),
		('20184203','4','0'),
		('20184218','4','0')

insert into chi
values	('4','01','0'),
		('4','02','0'),
		('4','03','0'),
		('4','04','0')
update Dong
set SoTien=10
update Chi
set SoTienChi=10
update SuKien
set TinhTrang=0